<?xml version="1.0" encoding="utf-8"?>
<extension type="plugin" group="system" method="upgrade">
    <name>Artigot DEV No Admin</name>
    <author>Ciro Artigot</author>
    <creationDate>October 2023</creationDate>
    <copyright>Copyright (C) 2021 Ciro Artigot. All rights reserved.</copyright>
    <license>GNU General Public License</license>
    <authorEmail>ciro@artigot.dev</authorEmail>
    <authorUrl>https://artigot.dev</authorUrl>
    <version>1.0.0</version>
    <description>Simple plugin to hide the administrator login.</description>
	<namespace path="src">Joomla\Plugin\System\ArtDevNoAdmin</namespace>
    <files>
        <folder plugin="artdevnoadmin">services</folder>
		<folder>src</folder>
    </files>

    <config>
        <fields name="params">
            <fieldset name="basic">
             
                <field name="key" type="text" default="login"
                       label="Key"
                       description="The Key"
                />
				
				<field name="answer" type="text" default="yes"
                       label="Value"
                       description="The Key value"	
                />
				
				<field name="redirect" type="text" default="/"
                       label="Redirect path / url"
                       description="Insert the redirect path/url when the access to the administrator without right key/value"
                />
  
            </fieldset>
            
        </fields>
    </config>
</extension>
